id,title,description,content,icon,duration_days,participants_count,category,created_at
1646f582-943c-4e61-8f09-9c27c9c6582f,Mindful Living Challenge,"Develop mindfulness practices to stay present, reduce cravings, and enhance your daily life","# Mindful Living Challenge

## Overview
Mindfulness is a powerful tool for managing cravings and building a peaceful, alcohol-free life. This challenge introduces daily mindfulness practices that become second nature.

## Daily Practices

### Week 1: Foundation
- 5-minute daily meditation
- Mindful breathing exercises
- Body scan practice
- Gratitude journaling

### Week 2: Awareness
- Mindful eating practices
- Urge surfing techniques
- Emotion labeling exercises
- Present moment check-ins

### Week 3: Application
- Mindful walking
- RAIN technique for difficult emotions
- Loving-kindness meditation
- Mindful communication

### Week 4: Mastery
- Integrate mindfulness into daily routines
- Handle cravings mindfully
- Share mindfulness with others
- Create your ongoing practice

## Benefits
- Reduced stress and anxiety
- Better craving management
- Improved emotional awareness
- Enhanced overall well-being",https://mjjnhqnotroomixljxdc.supabase.co/storage/v1/object/public/images/challenges/mindful-living-challenge.png,30,15892,Mindfulness,2025-11-21 21:09:53.103708+00
32844c51-6b82-410e-bded-74ea6a9c453c,Health & Wellness Reset,Transform your physical health and discover the amazing benefits of an alcohol-free body,"# Health & Wellness Reset

## Overview
Your body begins healing the moment you stop drinking. This challenge helps you maximize those benefits and build sustainable healthy habits.

## Weekly Focus Areas

### Week 1: Sleep & Hydration
- Establish consistent sleep schedule
- Drink 8 glasses of water daily
- Track sleep quality improvements
- Morning and evening routines

### Week 2: Nutrition
- Eliminate processed foods
- Eat protein with every meal
- Add colorful vegetables daily
- Meal planning and prep

### Week 3: Movement
- 30 minutes daily activity
- Try different exercise types
- Stretch and flexibility work
- Outdoor time daily

### Week 4: Self-Care
- Stress management techniques
- Skin care routine
- Regular health check-ins
- Celebrate physical improvements

## Expected Improvements
- Better sleep quality
- Increased energy
- Clearer skin
- Weight management
- Improved digestion
- Stronger immune system",https://mjjnhqnotroomixljxdc.supabase.co/storage/v1/object/public/images/challenges/health-wellness-reset.png,30,19234,Physical Health,2025-11-21 21:09:53.103708+00
abb3de5e-9e38-4e4b-bd1d-f38c32ec74d1,Social Connection Challenge,Build meaningful relationships and strengthen your support network during your sobriety journey,"# Social Connection Challenge

## Overview
Research shows that strong social connections are one of the most powerful factors in maintaining sobriety. This 30-day challenge helps you build and strengthen relationships that support your journey.

## Daily Activities

### Week 1: Reconnect
- Day 1-7: Reach out to one person each day who you've lost touch with
- Practice active listening in conversations
- Share your sobriety goals with someone you trust

### Week 2: Expand
- Day 8-14: Join a support group or community activity
- Attend one social event sober
- Practice saying ""no"" to drinking situations confidently

### Week 3: Deepen
- Day 15-21: Have a meaningful conversation each day
- Share your feelings honestly with someone close
- Plan a sober activity with friends

### Week 4: Sustain
- Day 22-30: Establish weekly connection rituals
- Become a support for others
- Celebrate your progress with your network

## Benefits
- Reduced feelings of isolation
- Stronger support system
- Increased accountability
- Enhanced emotional well-being",https://mjjnhqnotroomixljxdc.supabase.co/storage/v1/object/public/images/challenges/social-connection-challenge.png,30,3654,Social,2025-11-21 21:09:53.103708+00
ff4061e1-f218-4950-8dcc-f011d0febfd3,Empowerment Challenge,Reclaim your power and build unshakeable confidence in your ability to live alcohol-free,"# Empowerment Challenge

## Overview
This challenge is designed to help you discover your inner strength and build the confidence needed for lasting sobriety. You'll develop skills to handle difficult situations and embrace your alcohol-free identity.

## Daily Practices

### Week 1: Self-Discovery
- Daily journaling about your strengths
- Identify limiting beliefs about alcohol
- Create your personal ""why"" statement
- Visualize your empowered self

### Week 2: Skill Building
- Learn one new coping skill per day
- Practice assertive communication
- Set and enforce personal boundaries
- Develop your trigger management plan

### Week 3: Action Taking
- Take one brave action daily
- Face a fear related to sobriety
- Share your journey publicly (if comfortable)
- Help someone else on their journey

### Week 4: Integration
- Reflect on your transformation
- Create your empowerment toolbox
- Design your relapse prevention plan
- Commit to ongoing growth

## Key Outcomes
- Increased self-confidence
- Better emotional regulation
- Stronger sense of identity
- Tools for long-term success",https://mjjnhqnotroomixljxdc.supabase.co/storage/v1/object/public/images/challenges/empowerment-challenge.png,30,26715,Personal Growth,2025-11-21 21:09:53.103708+00